INSERT INTO TA_GENRE(IDENTIFIANT,CODE,LIBELLE,AUDIT_IDENTIFIANT,AUDIT_ACTEUR,AUDIT_FONCTIONNALITE,AUDIT_ACTION,AUDIT_DATE) VALUES ('M','M','Masculin','1','1','1','CREATION',DATE '2000-1-1');
INSERT INTO TA_TYPE_AFFECTATION(IDENTIFIANT,CODE,LIBELLE,AUDIT_IDENTIFIANT,AUDIT_ACTEUR,AUDIT_FONCTIONNALITE,AUDIT_ACTION,AUDIT_DATE) VALUES ('1','1','1','1','1','1','CREATION',DATE '2000-1-1');
INSERT INTO TA_ANCIENNETE(IDENTIFIANT,CODE,LIBELLE,AUDIT_IDENTIFIANT,AUDIT_ACTEUR,AUDIT_FONCTIONNALITE,AUDIT_ACTION,AUDIT_DATE) VALUES ('1','1','1','1','1','1','CREATION',DATE '2000-1-1');
INSERT INTO TA_GROUPE_ECHEANCE(IDENTIFIANT,CODE,LIBELLE,AUDIT_IDENTIFIANT,AUDIT_ACTEUR,AUDIT_FONCTIONNALITE,AUDIT_ACTION,AUDIT_DATE) VALUES ('1','1','1','1','1','1','CREATION',DATE '2000-1-1');
INSERT INTO TA_ECHEANCE(IDENTIFIANT,CODE,LIBELLE,GROUPE,ECOLE,DATE_,AUDIT_IDENTIFIANT,AUDIT_ACTEUR,AUDIT_FONCTIONNALITE,AUDIT_ACTION,AUDIT_DATE) VALUES ('1','1','1','1','1',DATE '2000-1-1','1','1','1','CREATION',DATE '2000-1-1');
INSERT INTO TA_RUBRIQUE(IDENTIFIANT,ECOLE,CODE,LIBELLE,AUDIT_IDENTIFIANT,AUDIT_ACTEUR,AUDIT_FONCTIONNALITE,AUDIT_ACTION,AUDIT_DATE) VALUES ('1','1','1','1','1','1','1','CREATION',DATE '2000-1-1');
INSERT INTO TA_RUBRIQUE(IDENTIFIANT,ECOLE,CODE,LIBELLE,AUDIT_IDENTIFIANT,AUDIT_ACTEUR,AUDIT_FONCTIONNALITE,AUDIT_ACTION,AUDIT_DATE) VALUES ('2','1','2','1','1','1','1','CREATION',DATE '2000-1-1');
INSERT INTO TA_RUBRIQUE(IDENTIFIANT,ECOLE,CODE,LIBELLE,AUDIT_IDENTIFIANT,AUDIT_ACTEUR,AUDIT_FONCTIONNALITE,AUDIT_ACTION,AUDIT_DATE) VALUES ('3','1','3','1','1','1','1','CREATION',DATE '2000-1-1');
INSERT INTO TA_RUBRIQUE(IDENTIFIANT,ECOLE,CODE,LIBELLE,AUDIT_IDENTIFIANT,AUDIT_ACTEUR,AUDIT_FONCTIONNALITE,AUDIT_ACTION,AUDIT_DATE) VALUES ('4','1','4','1','1','1','1','CREATION',DATE '2000-1-1');

INSERT INTO TA_SCOLARITE(IDENTIFIANT,CODE,ECOLE,BRANCHE,PERIODE,AUDIT_IDENTIFIANT,AUDIT_ACTEUR,AUDIT_FONCTIONNALITE,AUDIT_ACTION,AUDIT_DATE) VALUES ('scolarite1','scolarite1','ecole1','1','1','1','1','1','CREATION',DATE '2000-1-1');
INSERT INTO TA_MONTANT(IDENTIFIANT,VALEUR,VALEUR_INSCRIPTION,FACULTATIF,RECONDUCTIBLE,NUMERO_ORDRE_PAIEMENT,AUDIT_IDENTIFIANT,AUDIT_ACTEUR,AUDIT_FONCTIONNALITE,AUDIT_ACTION,AUDIT_DATE) VALUES ('scolarite1_1',100000,25000,0,1,1,'1','1','1','CREATION',DATE '2000-1-1');
INSERT INTO TA_FRAIS(IDENTIFIANT,TYPE_AFFECTATION,ANCIENNETE,RUBRIQUE,SCOLARITE,MONTANT,AUDIT_IDENTIFIANT,AUDIT_ACTEUR,AUDIT_FONCTIONNALITE,AUDIT_ACTION,AUDIT_DATE) VALUES ('scolarite1_1','1','1','1','scolarite1','scolarite1_1','1','1','1','CREATION',DATE '2000-1-1');
INSERT INTO TA_MONTANT(IDENTIFIANT,VALEUR,VALEUR_INSCRIPTION,FACULTATIF,RECONDUCTIBLE,NUMERO_ORDRE_PAIEMENT,AUDIT_IDENTIFIANT,AUDIT_ACTEUR,AUDIT_FONCTIONNALITE,AUDIT_ACTION,AUDIT_DATE) VALUES ('scolarite1_2',30000,0,0,1,1,'1','1','1','CREATION',DATE '2000-1-1');
INSERT INTO TA_FRAIS(IDENTIFIANT,TYPE_AFFECTATION,ANCIENNETE,RUBRIQUE,SCOLARITE,MONTANT,AUDIT_IDENTIFIANT,AUDIT_ACTEUR,AUDIT_FONCTIONNALITE,AUDIT_ACTION,AUDIT_DATE) VALUES ('scolarite1_2','1','1','2','scolarite1','scolarite1_2','1','1','1','CREATION',DATE '2000-1-1');
INSERT INTO TA_MONTANT(IDENTIFIANT,VALEUR,VALEUR_INSCRIPTION,FACULTATIF,RECONDUCTIBLE,NUMERO_ORDRE_PAIEMENT,AUDIT_IDENTIFIANT,AUDIT_ACTEUR,AUDIT_FONCTIONNALITE,AUDIT_ACTION,AUDIT_DATE) VALUES ('scolarite1_3',10000,0,1,1,1,'1','1','1','CREATION',DATE '2000-1-1');
INSERT INTO TA_FRAIS(IDENTIFIANT,TYPE_AFFECTATION,ANCIENNETE,RUBRIQUE,SCOLARITE,MONTANT,AUDIT_IDENTIFIANT,AUDIT_ACTEUR,AUDIT_FONCTIONNALITE,AUDIT_ACTION,AUDIT_DATE) VALUES ('scolarite1_3','1','1','3','scolarite1','scolarite1_3','1','1','1','CREATION',DATE '2000-1-1');
INSERT INTO TA_ECHEANCE_MONTANT(IDENTIFIANT,MONTANT,ECHEANCE,PAIEMENT,AUDIT_IDENTIFIANT,AUDIT_ACTEUR,AUDIT_FONCTIONNALITE,AUDIT_ACTION,AUDIT_DATE) VALUES ('1','scolarite1_1','1',0,'1','1','1','CREATION',DATE '2000-1-1');

INSERT INTO TA_SCOLARITE(IDENTIFIANT,CODE,ECOLE,BRANCHE,PERIODE,AUDIT_IDENTIFIANT,AUDIT_ACTEUR,AUDIT_FONCTIONNALITE,AUDIT_ACTION,AUDIT_DATE) VALUES ('scolarite2','scolarite2','ecole2','1','1','1','1','1','CREATION',DATE '2000-1-1');

INSERT INTO TA_IDENTITE(IDENTIFIANT,NOM,PRENOMS,GENRE,AUDIT_IDENTIFIANT,AUDIT_ACTEUR,AUDIT_FONCTIONNALITE,AUDIT_ACTION,AUDIT_DATE) VALUES ('1','komenan','christian','M','1','1','1','CREATION',DATE '2000-1-1');
INSERT INTO TA_ELEVE(IDENTIFIANT,CODE,IDENTITE,ECOLE,AUDIT_IDENTIFIANT,AUDIT_ACTEUR,AUDIT_FONCTIONNALITE,AUDIT_ACTION,AUDIT_DATE) VALUES ('1','1','1','1','1','1','1','CREATION',DATE '2000-1-1');
INSERT INTO TA_INSCRIPTION(IDENTIFIANT,CODE,TYPE_AFFECTATION,ANCIENNETE,ELEVE,SCOLARITE,CLASSE,AUDIT_IDENTIFIANT,AUDIT_ACTEUR,AUDIT_FONCTIONNALITE,AUDIT_ACTION,AUDIT_DATE) VALUES ('inscription1','inscription1','1','1','1','scolarite1','1','1','1','1','CREATION',DATE '2000-1-1');
INSERT INTO TA_MONTANT(IDENTIFIANT,VALEUR,VALEUR_INSCRIPTION,FACULTATIF,RECONDUCTIBLE,NUMERO_ORDRE_PAIEMENT,AUDIT_IDENTIFIANT,AUDIT_ACTEUR,AUDIT_FONCTIONNALITE,AUDIT_ACTION,AUDIT_DATE) VALUES ('ajustement1',1000000,1,0,0,0,'1','1','1','CREATION',DATE '2000-1-1');
INSERT INTO TA_FRAIS_AJUSTE(IDENTIFIANT,FRAIS,INSCRIPTION,MONTANT,AUDIT_IDENTIFIANT,AUDIT_ACTEUR,AUDIT_FONCTIONNALITE,AUDIT_ACTION,AUDIT_DATE) VALUES ('ajustement1','scolarite1_1','inscription1','ajustement1','1','1','1','CREATION',DATE '2000-1-1');

INSERT INTO TA_INSCRIPTION(IDENTIFIANT,CODE,TYPE_AFFECTATION,ANCIENNETE,ELEVE,SCOLARITE,CLASSE,AUDIT_IDENTIFIANT,AUDIT_ACTEUR,AUDIT_FONCTIONNALITE,AUDIT_ACTION,AUDIT_DATE) VALUES ('inscription2','inscription2','1','1','1','scolarite2','1','1','1','1','CREATION',DATE '2000-1-1');