-- École
INSERT INTO ECOLEVIEDBV2.ECOLE(ecoleid) VALUES (1);
INSERT INTO ECOLEVIEDBV2.ECOLE(ecoleid) VALUES (2);
INSERT INTO ECOLEVIEDBV2.ECOLE(ecoleid) VALUES (3);
INSERT INTO ECOLEVIEDBV2.ECOLE(ecoleid) VALUES (4);
INSERT INTO ECOLEVIEDBV2.ECOLE(ecoleid) VALUES (5);

-- Branche
INSERT INTO ECOLEVIEDBV2.BRANCHE(id) VALUES (1);
INSERT INTO ECOLEVIEDBV2.BRANCHE(id) VALUES (2);
INSERT INTO ECOLEVIEDBV2.BRANCHE(id) VALUES (3);
INSERT INTO ECOLEVIEDBV2.BRANCHE(id) VALUES (4);

-- Classe
INSERT INTO ECOLEVIEDBV2.CLASSE(classeid,ecole_ecoleid,branche_id,visible) VALUES (1,1,1,1);
INSERT INTO ECOLEVIEDBV2.CLASSE(classeid,ecole_ecoleid,branche_id,visible) VALUES (2,2,1,1);
INSERT INTO ECOLEVIEDBV2.CLASSE(classeid,ecole_ecoleid,branche_id,visible) VALUES (3,2,2,1);
INSERT INTO ECOLEVIEDBV2.CLASSE(classeid,ecole_ecoleid,branche_id,visible) VALUES (4,2,2,1);
INSERT INTO ECOLEVIEDBV2.CLASSE(classeid,ecole_ecoleid,branche_id,visible) VALUES (5,2,2,1);
INSERT INTO ECOLEVIEDBV2.CLASSE(classeid,ecole_ecoleid,branche_id,visible) VALUES (6,5,1,1);
INSERT INTO ECOLEVIEDBV2.CLASSE(classeid,ecole_ecoleid,branche_id,visible) VALUES (7,5,2,1);
INSERT INTO ECOLEVIEDBV2.CLASSE(classeid,ecole_ecoleid,branche_id,visible) VALUES (8,5,2,1);

-- Scolarité
INSERT INTO TA_TYPE_AFFECTATION(IDENTIFIANT,CODE,LIBELLE,AUDIT_IDENTIFIANT,AUDIT_ACTEUR,AUDIT_FONCTIONNALITE,AUDIT_ACTION,AUDIT_DATE)
VALUES ('1','1','1','1','1','1','CREATION',DATE '2000-1-1');
INSERT INTO TA_ANCIENNETE(IDENTIFIANT,CODE,LIBELLE,AUDIT_IDENTIFIANT,AUDIT_ACTEUR,AUDIT_FONCTIONNALITE,AUDIT_ACTION,AUDIT_DATE)
VALUES ('1','1','1','1','1','1','CREATION',DATE '2000-1-1');
INSERT INTO TA_SCOLARITE(IDENTIFIANT,CODE,ECOLE,BRANCHE,PERIODE,AUDIT_IDENTIFIANT,AUDIT_ACTEUR,AUDIT_FONCTIONNALITE,AUDIT_ACTION,AUDIT_DATE)
VALUES ('1','1','5','1','P','1','1','1','CREATION',DATE '2000-1-1');
INSERT INTO TA_SCOLARITE(IDENTIFIANT,CODE,ECOLE,BRANCHE,PERIODE,AUDIT_IDENTIFIANT,AUDIT_ACTEUR,AUDIT_FONCTIONNALITE,AUDIT_ACTION,AUDIT_DATE)
VALUES ('2','2','5','2','P','1','1','1','CREATION',DATE '2000-1-1');
INSERT INTO TA_SCOLARITE(IDENTIFIANT,CODE,ECOLE,BRANCHE,PERIODE,AUDIT_IDENTIFIANT,AUDIT_ACTEUR,AUDIT_FONCTIONNALITE,AUDIT_ACTION,AUDIT_DATE)
VALUES ('3','3','5','4','P','1','1','1','CREATION',DATE '2000-1-1');