INSERT INTO TA_MODE_PAIEMENT(IDENTIFIANT,CODE,LIBELLE,AUDIT_IDENTIFIANT,AUDIT_ACTEUR,AUDIT_FONCTIONNALITE,AUDIT_ACTION,AUDIT_DATE) VALUES ('1','1','1','1','1','1','CREATION',DATE '2000-1-1');
INSERT INTO TA_GENRE(IDENTIFIANT,CODE,LIBELLE,AUDIT_IDENTIFIANT,AUDIT_ACTEUR,AUDIT_FONCTIONNALITE,AUDIT_ACTION,AUDIT_DATE) VALUES ('M','M','Masculin','1','1','1','CREATION',DATE '2000-1-1');
INSERT INTO TA_RUBRIQUE(IDENTIFIANT,ECOLE,CODE,LIBELLE,AUDIT_IDENTIFIANT,AUDIT_ACTEUR,AUDIT_FONCTIONNALITE,AUDIT_ACTION,AUDIT_DATE) VALUES ('1','1','1','1','1','1','1','CREATION',DATE '2000-1-1');
INSERT INTO TA_RUBRIQUE(IDENTIFIANT,ECOLE,CODE,LIBELLE,AUDIT_IDENTIFIANT,AUDIT_ACTEUR,AUDIT_FONCTIONNALITE,AUDIT_ACTION,AUDIT_DATE) VALUES ('2','1','2','1','1','1','1','CREATION',DATE '2000-1-1');
INSERT INTO TA_RUBRIQUE(IDENTIFIANT,ECOLE,CODE,LIBELLE,AUDIT_IDENTIFIANT,AUDIT_ACTEUR,AUDIT_FONCTIONNALITE,AUDIT_ACTION,AUDIT_DATE) VALUES ('3','1','3','1','1','1','1','CREATION',DATE '2000-1-1');
INSERT INTO TA_TYPE_AFFECTATION(IDENTIFIANT,CODE,LIBELLE,AUDIT_IDENTIFIANT,AUDIT_ACTEUR,AUDIT_FONCTIONNALITE,AUDIT_ACTION,AUDIT_DATE) VALUES ('1','1','1','1','1','1','CREATION',DATE '2000-1-1');
INSERT INTO TA_ANCIENNETE(IDENTIFIANT,CODE,LIBELLE,AUDIT_IDENTIFIANT,AUDIT_ACTEUR,AUDIT_FONCTIONNALITE,AUDIT_ACTION,AUDIT_DATE) VALUES ('1','1','1','1','1','1','CREATION',DATE '2000-1-1');
INSERT INTO TA_GROUPE_ECHEANCE(IDENTIFIANT,CODE,LIBELLE,AUDIT_IDENTIFIANT,AUDIT_ACTEUR,AUDIT_FONCTIONNALITE,AUDIT_ACTION,AUDIT_DATE) VALUES ('1','1','1','1','1','1','CREATION',DATE '2000-1-1');
INSERT INTO TA_ECHEANCE(IDENTIFIANT,CODE,LIBELLE,GROUPE,ECOLE,DATE_,AUDIT_IDENTIFIANT,AUDIT_ACTEUR,AUDIT_FONCTIONNALITE,AUDIT_ACTION,AUDIT_DATE) VALUES ('1','1','1','1','1',DATE '2000-1-1','1','1','1','CREATION',DATE '2000-1-1');

INSERT INTO TA_SCOLARITE(IDENTIFIANT,CODE,ECOLE,BRANCHE,PERIODE,AUDIT_IDENTIFIANT,AUDIT_ACTEUR,AUDIT_FONCTIONNALITE,AUDIT_ACTION,AUDIT_DATE) VALUES ('1','1','1','1','1','1','1','1','CREATION',DATE '2000-1-1');
INSERT INTO TA_SCOLARITE(IDENTIFIANT,CODE,ECOLE,BRANCHE,PERIODE,AUDIT_IDENTIFIANT,AUDIT_ACTEUR,AUDIT_FONCTIONNALITE,AUDIT_ACTION,AUDIT_DATE) VALUES ('2','2','unknown','unknown','unknown','1','1','1','CREATION',DATE '2000-1-1');

INSERT INTO TA_SCOLARITE(IDENTIFIANT,CODE,ECOLE,BRANCHE,PERIODE,AUDIT_IDENTIFIANT,AUDIT_ACTEUR,AUDIT_FONCTIONNALITE,AUDIT_ACTION,AUDIT_DATE) VALUES ('feesvalue1','feesvalue1','1','1','1','1','1','1','CREATION',DATE '2000-1-1');
INSERT INTO TA_MONTANT(IDENTIFIANT,VALEUR,VALEUR_INSCRIPTION,FACULTATIF,RECONDUCTIBLE,NUMERO_ORDRE_PAIEMENT,AUDIT_IDENTIFIANT,AUDIT_ACTEUR,AUDIT_FONCTIONNALITE,AUDIT_ACTION,AUDIT_DATE) VALUES ('feesvalue1_1',100000,25000,0,1,1,'1','1','1','CREATION',DATE '2000-1-1');
INSERT INTO TA_FRAIS(IDENTIFIANT,TYPE_AFFECTATION,ANCIENNETE,RUBRIQUE,SCOLARITE,MONTANT,AUDIT_IDENTIFIANT,AUDIT_ACTEUR,AUDIT_FONCTIONNALITE,AUDIT_ACTION,AUDIT_DATE) VALUES ('feesvalue1_1','1','1','1','feesvalue1','feesvalue1_1','1','1','1','CREATION',DATE '2000-1-1');
INSERT INTO TA_MONTANT(IDENTIFIANT,VALEUR,VALEUR_INSCRIPTION,FACULTATIF,RECONDUCTIBLE,NUMERO_ORDRE_PAIEMENT,AUDIT_IDENTIFIANT,AUDIT_ACTEUR,AUDIT_FONCTIONNALITE,AUDIT_ACTION,AUDIT_DATE) VALUES ('feesvalue1_2',30000,0,0,1,1,'1','1','1','CREATION',DATE '2000-1-1');
INSERT INTO TA_FRAIS(IDENTIFIANT,TYPE_AFFECTATION,ANCIENNETE,RUBRIQUE,SCOLARITE,MONTANT,AUDIT_IDENTIFIANT,AUDIT_ACTEUR,AUDIT_FONCTIONNALITE,AUDIT_ACTION,AUDIT_DATE) VALUES ('feesvalue1_2','1','1','2','feesvalue1','feesvalue1_2','1','1','1','CREATION',DATE '2000-1-1');
INSERT INTO TA_MONTANT(IDENTIFIANT,VALEUR,VALEUR_INSCRIPTION,FACULTATIF,RECONDUCTIBLE,NUMERO_ORDRE_PAIEMENT,AUDIT_IDENTIFIANT,AUDIT_ACTEUR,AUDIT_FONCTIONNALITE,AUDIT_ACTION,AUDIT_DATE) VALUES ('feesvalue1_3',10000,0,1,1,1,'1','1','1','CREATION',DATE '2000-1-1');
INSERT INTO TA_FRAIS(IDENTIFIANT,TYPE_AFFECTATION,ANCIENNETE,RUBRIQUE,SCOLARITE,MONTANT,AUDIT_IDENTIFIANT,AUDIT_ACTEUR,AUDIT_FONCTIONNALITE,AUDIT_ACTION,AUDIT_DATE) VALUES ('feesvalue1_3','1','1','3','feesvalue1','feesvalue1_3','1','1','1','CREATION',DATE '2000-1-1');

INSERT INTO TA_SCOLARITE(IDENTIFIANT,CODE,ECOLE,BRANCHE,PERIODE,AUDIT_IDENTIFIANT,AUDIT_ACTEUR,AUDIT_FONCTIONNALITE,AUDIT_ACTION,AUDIT_DATE) VALUES ('feesvalue2','feesvalue2','feesvalue2','1','1','1','1','1','CREATION',DATE '2000-1-1');
INSERT INTO TA_MONTANT(IDENTIFIANT,VALEUR,VALEUR_INSCRIPTION,FACULTATIF,RECONDUCTIBLE,NUMERO_ORDRE_PAIEMENT,AUDIT_IDENTIFIANT,AUDIT_ACTEUR,AUDIT_FONCTIONNALITE,AUDIT_ACTION,AUDIT_DATE) VALUES ('feesvalue2_1',215000,72000,0,1,1,'1','1','1','CREATION',DATE '2000-1-1');
INSERT INTO TA_FRAIS(IDENTIFIANT,TYPE_AFFECTATION,ANCIENNETE,RUBRIQUE,SCOLARITE,MONTANT,AUDIT_IDENTIFIANT,AUDIT_ACTEUR,AUDIT_FONCTIONNALITE,AUDIT_ACTION,AUDIT_DATE) VALUES ('feesvalue2_1','1','1','1','feesvalue2','feesvalue2_1','1','1','1','CREATION',DATE '2000-1-1');
INSERT INTO TA_MONTANT(IDENTIFIANT,VALEUR,VALEUR_INSCRIPTION,FACULTATIF,RECONDUCTIBLE,NUMERO_ORDRE_PAIEMENT,AUDIT_IDENTIFIANT,AUDIT_ACTEUR,AUDIT_FONCTIONNALITE,AUDIT_ACTION,AUDIT_DATE) VALUES ('feesvalue2_2',28000,8000,0,1,1,'1','1','1','CREATION',DATE '2000-1-1');
INSERT INTO TA_FRAIS(IDENTIFIANT,TYPE_AFFECTATION,ANCIENNETE,RUBRIQUE,SCOLARITE,MONTANT,AUDIT_IDENTIFIANT,AUDIT_ACTEUR,AUDIT_FONCTIONNALITE,AUDIT_ACTION,AUDIT_DATE) VALUES ('feesvalue2_2','1','1','2','feesvalue2','feesvalue2_2','1','1','1','CREATION',DATE '2000-1-1');

INSERT INTO TA_SCOLARITE(IDENTIFIANT,CODE,ECOLE,BRANCHE,PERIODE,AUDIT_IDENTIFIANT,AUDIT_ACTEUR,AUDIT_FONCTIONNALITE,AUDIT_ACTION,AUDIT_DATE) VALUES ('nofeesvalue','nofeesvalue','nofeesvalue','1','1','1','1','1','CREATION',DATE '2000-1-1');

INSERT INTO ECOLEVIEDBV2.ECOLE(ecoleid,ecolecode,ecoleclibelle) VALUES (1,'1','CSP Cocody');
INSERT INTO ECOLEVIEDBV2.ANNEE_SCOLAIRE(annee_scolaireid,annee_scolaire_code,annee_scolaire_libelle,statut) VALUES (1,'1','2023-2024','OUVERT');
INSERT INTO ECOLEVIEDBV2.BRANCHE(id,code,libelle) VALUES (1,'1','6ieme');
INSERT INTO ECOLEVIEDBV2.ELEVE(eleveid,eleve_matricule) VALUES (1,'m01');
INSERT INTO ECOLEVIEDBV2.CLASSE(classeid,classelibelle) VALUES (1,'CP1 A');

INSERT INTO TA_IDENTITE(IDENTIFIANT,NOM,PRENOMS,GENRE,MATRICULE,AUDIT_IDENTIFIANT,AUDIT_ACTEUR,AUDIT_FONCTIONNALITE,AUDIT_ACTION,AUDIT_DATE) VALUES ('1','1','1','M','m01','1','1','1','CREATION',DATE '2000-1-1');
INSERT INTO TA_ELEVE(IDENTIFIANT,CODE,IDENTITE,ECOLE,AUDIT_IDENTIFIANT,AUDIT_ACTEUR,AUDIT_FONCTIONNALITE,AUDIT_ACTION,AUDIT_DATE) VALUES ('1','1','1','1','1','1','1','CREATION',DATE '2000-1-1');
INSERT INTO TA_INSCRIPTION(IDENTIFIANT,CODE,ELEVE,SCOLARITE,TYPE_AFFECTATION,ANCIENNETE,CLASSE,AUDIT_IDENTIFIANT,AUDIT_ACTEUR,AUDIT_FONCTIONNALITE,AUDIT_ACTION,AUDIT_DATE) VALUES ('i1','1','1','feesvalue1','1','1','1','1','1','1','CREATION',DATE '2000-1-1');
INSERT INTO TA_MONTANT(IDENTIFIANT,VALEUR,VALEUR_INSCRIPTION,FACULTATIF,RECONDUCTIBLE,NUMERO_ORDRE_PAIEMENT,AUDIT_IDENTIFIANT,AUDIT_ACTEUR,AUDIT_FONCTIONNALITE,AUDIT_ACTION,AUDIT_DATE) VALUES ('af1m',90000,20000,0,1,1,'1','1','1','CREATION',DATE '2000-1-1');
INSERT INTO TA_FRAIS_AJUSTE(IDENTIFIANT,FRAIS,INSCRIPTION,MONTANT,AUDIT_IDENTIFIANT,AUDIT_ACTEUR,AUDIT_FONCTIONNALITE,AUDIT_ACTION,AUDIT_DATE) VALUES ('af1','feesvalue1_1','i1','af1m','1','1','1','CREATION',DATE '2000-1-1');
INSERT INTO TA_MONTANT(IDENTIFIANT,VALEUR,VALEUR_INSCRIPTION,FACULTATIF,RECONDUCTIBLE,NUMERO_ORDRE_PAIEMENT,AUDIT_IDENTIFIANT,AUDIT_ACTEUR,AUDIT_FONCTIONNALITE,AUDIT_ACTION,AUDIT_DATE) VALUES ('af2m',30000,0,0,1,1,'1','1','1','CREATION',DATE '2000-1-1');
INSERT INTO TA_FRAIS_AJUSTE(IDENTIFIANT,FRAIS,INSCRIPTION,MONTANT,AUDIT_IDENTIFIANT,AUDIT_ACTEUR,AUDIT_FONCTIONNALITE,AUDIT_ACTION,AUDIT_DATE) VALUES ('af2','feesvalue1_2','i1','af2m','1','1','1','CREATION',DATE '2000-1-1');
INSERT INTO TA_MONTANT(IDENTIFIANT,VALEUR,VALEUR_INSCRIPTION,FACULTATIF,RECONDUCTIBLE,NUMERO_ORDRE_PAIEMENT,AUDIT_IDENTIFIANT,AUDIT_ACTEUR,AUDIT_FONCTIONNALITE,AUDIT_ACTION,AUDIT_DATE) VALUES ('af3m',10000,0,1,1,1,'1','1','1','CREATION',DATE '2000-1-1');
INSERT INTO TA_FRAIS_AJUSTE(IDENTIFIANT,FRAIS,INSCRIPTION,MONTANT,AUDIT_IDENTIFIANT,AUDIT_ACTEUR,AUDIT_FONCTIONNALITE,AUDIT_ACTION,AUDIT_DATE) VALUES ('af3','feesvalue1_3','i1','af3m','1','1','1','CREATION',DATE '2000-1-1');

INSERT INTO TA_PAIEMENT(IDENTIFIANT,CODE,INSCRIPTION,MODE,ANNULE,AUDIT_IDENTIFIANT,AUDIT_ACTEUR,AUDIT_FONCTIONNALITE,AUDIT_ACTION,AUDIT_DATE) VALUES ('p1','1','i1','1',0,'1','1','1','CREATION',DATE '2000-1-1');
INSERT INTO TA_PAIEMENT_FRAIS_AJUSTE(IDENTIFIANT,PAIEMENT,FRAIS_AJUSTE,MONTANT,AUDIT_IDENTIFIANT,AUDIT_ACTEUR,AUDIT_FONCTIONNALITE,AUDIT_ACTION,AUDIT_DATE) VALUES ('paf1','p1','af1',1,'1','1','1','CREATION',DATE '2000-1-1');
INSERT INTO TA_PAIEMENT_FRAIS_AJUSTE(IDENTIFIANT,PAIEMENT,FRAIS_AJUSTE,MONTANT,AUDIT_IDENTIFIANT,AUDIT_ACTEUR,AUDIT_FONCTIONNALITE,AUDIT_ACTION,AUDIT_DATE) VALUES ('paf2','p1','af1',1,'1','1','1','CREATION',DATE '2000-1-1');
INSERT INTO TA_PAIEMENT_FRAIS_AJUSTE(IDENTIFIANT,PAIEMENT,FRAIS_AJUSTE,MONTANT,AUDIT_IDENTIFIANT,AUDIT_ACTEUR,AUDIT_FONCTIONNALITE,AUDIT_ACTION,AUDIT_DATE) VALUES ('paf3','p1','af1',1,'1','1','1','CREATION',DATE '2000-1-1');
INSERT INTO TA_PAIEMENT_FRAIS_AJUSTE(IDENTIFIANT,PAIEMENT,FRAIS_AJUSTE,MONTANT,AUDIT_IDENTIFIANT,AUDIT_ACTEUR,AUDIT_FONCTIONNALITE,AUDIT_ACTION,AUDIT_DATE) VALUES ('paf4','p1','af1',1,'1','1','1','CREATION',DATE '2000-1-1');
INSERT INTO TA_PAIEMENT_FRAIS_AJUSTE(IDENTIFIANT,PAIEMENT,FRAIS_AJUSTE,MONTANT,AUDIT_IDENTIFIANT,AUDIT_ACTEUR,AUDIT_FONCTIONNALITE,AUDIT_ACTION,AUDIT_DATE) VALUES ('paf5','p1','af1',1,'1','1','1','CREATION',DATE '2000-1-1');


-- Inscription
INSERT INTO ECOLEVIEDBV2.INSCRIPTIONS(inscriptionsid,ecole_ecoleid,annee_scolaire_annee_scolaireid,branche_id,eleve_eleveid)
VALUES (1,1,1,1,1);
INSERT INTO ECOLEVIEDBV2.INSCRIPTIONS_HAS_CLASSE(id,inscriptions_inscriptionsid,classe_classeid)
VALUES (1,1,1);